{"loss": [0.006594479084014893, 0.002605902962386608, 0.002533657243475318, 0.002478956710547209, 0.002414492890238762, 0.0023443547543138266, 0.0022770098876208067, 0.0022249778266996145, 0.0021867118775844574, 0.002153515350073576], "coeff_determination": [0.8307626843452454, 0.9330962300300598, 0.9349508285522461, 0.9363548159599304, 0.93800950050354, 0.9398115873336792, 0.9415400624275208, 0.9428753852844238, 0.9438580274581909, 0.9447105526924133], "val_loss": [0.0026784553192555904, 0.0025818815920501947, 0.002525313990190625, 0.002461423631757498, 0.0023982785642147064, 0.002322402549907565, 0.002267646137624979, 0.0022212050389498472, 0.0021872296929359436, 0.002149486681446433], "val_coeff_determination": [0.931300938129425, 0.933777928352356, 0.9352286458015442, 0.9368676543235779, 0.9384875297546387, 0.9404337406158447, 0.9418379068374634, 0.9430294632911682, 0.9439005851745605, 0.9448683857917786]}