{"loss": [0.005239622201770544, 0.0038115286733955145, 0.003290828550234437, 0.002931230701506138, 0.0026875666808336973, 0.0024237928446382284, 0.002146619837731123, 0.0019388054497539997, 0.0017878868384286761, 0.0016723681474104524, 0.0015720085939392447, 0.0015005882596597075, 0.001441256725229323, 0.0014002809766680002, 0.001362243783660233, 0.001333693042397499, 0.0013050283305346966, 0.001276494236662984, 0.0012501864694058895, 0.0012299831723794341, 0.0012073941761627793, 0.0011858021607622504, 0.00116175867151469, 0.0011398452334105968, 0.0011216909624636173, 0.0011061046971008182, 0.0010918310144916177, 0.0010760800214484334, 0.0010628950549289584, 0.0010523718083277345, 0.001044117147102952, 0.0010357415303587914, 0.0010288904886692762, 0.0010166941210627556, 0.001011026557534933, 0.001000195392407477, 0.0009923098841682076, 0.0009846643079072237, 0.0009794619400054216, 0.0009722972172312438, 0.0009675899054855108, 0.0009609696571715176, 0.0009575845906510949, 0.0009509322699159384, 0.0009485114132985473, 0.0009444533498026431, 0.0009411071659997106, 0.0009361518896184862, 0.0009335618233308196, 0.0009305564453825355, 0.000928051071241498, 0.0009250657167285681, 0.0009221737855114043, 0.0009174186270684004, 0.0009148566168732941, 0.0009112568222917616, 0.0009075447451323271, 0.000902633648365736, 0.0009018810815177858, 0.0008977063116617501, 0.0008959086844697595, 0.0008937118109315634, 0.0008916800725273788, 0.0008885679999366403, 0.0008867565775290132, 0.0008839277434162796, 0.0008816198678687215, 0.0008800621726550162, 0.0008787881815806031, 0.000878871709574014, 0.0008764914236962795, 0.0008744175429455936, 0.0008743925718590617, 0.0008716601296328008, 0.0008710663532838225, 0.000868869770783931, 0.0008680609171278775, 0.0008650176459923387, 0.0008628613431937993, 0.0008603022433817387, 0.0008575570536777377, 0.000856405938975513, 0.0008548211771994829, 0.000851501536089927, 0.0008484631543979049, 0.0008472479530610144, 0.0008443531696684659, 0.0008436471107415855, 0.0008411383023485541, 0.0008404328254982829, 0.0008380633080378175, 0.0008373811724595726, 0.0008354302262887359, 0.0008326015085913241, 0.00083103560609743, 0.000830003758892417, 0.0008297854801639915, 0.0008280223119072616, 0.0008274659630842507, 0.0008264545467682183], "coeff_determination": [0.09468021988868713, 0.34193509817123413, 0.4318355917930603, 0.493954062461853, 0.5359897613525391, 0.5815701484680176, 0.6294248700141907, 0.6653662919998169, 0.6913915276527405, 0.7113370895385742, 0.7286173105239868, 0.7409384250640869, 0.7512009143829346, 0.7582664489746094, 0.7648302316665649, 0.7697592973709106, 0.7747063040733337, 0.7796125411987305, 0.7841567397117615, 0.7876651883125305, 0.791562557220459, 0.795272707939148, 0.7994189262390137, 0.8031938076019287, 0.8063378930091858, 0.8090388774871826, 0.811518132686615, 0.8142369985580444, 0.8165212273597717, 0.818328320980072, 0.8197621703147888, 0.8212091326713562, 0.8223826885223389, 0.8244836926460266, 0.8254688382148743, 0.8273375034332275, 0.8287082314491272, 0.8300341367721558, 0.8309248089790344, 0.8321546912193298, 0.8329707384109497, 0.8341092467308044, 0.8346977233886719, 0.8358500003814697, 0.8362630009651184, 0.8369662165641785, 0.8375475406646729, 0.8383991718292236, 0.8388703465461731, 0.8393808603286743, 0.8398086428642273, 0.8403359651565552, 0.8408295512199402, 0.8416570425033569, 0.8420916199684143, 0.842713475227356, 0.8433536887168884, 0.8441979885101318, 0.8443324565887451, 0.8450425863265991, 0.8453583717346191, 0.8457347750663757, 0.8460997343063354, 0.8466379642486572, 0.8469398617744446, 0.8474292159080505, 0.8478246927261353, 0.8480865955352783, 0.8483069539070129, 0.8483018279075623, 0.8487206101417542, 0.8490653038024902, 0.849057137966156, 0.8495386242866516, 0.8496481776237488, 0.8500322103500366, 0.8501613140106201, 0.8506694436073303, 0.851038932800293, 0.8514953851699829, 0.8519598841667175, 0.8521543145179749, 0.8524178862571716, 0.8530004024505615, 0.8535293340682983, 0.8537366986274719, 0.8542277812957764, 0.8543480634689331, 0.8547861576080322, 0.8549023866653442, 0.8553170561790466, 0.8554297089576721, 0.8557627201080322, 0.8562515377998352, 0.8565111756324768, 0.8566901087760925, 0.8567407727241516, 0.8570442199707031, 0.8571289777755737, 0.8573023676872253], "val_loss": [0.004238841123878956, 0.003543542232364416, 0.0032744011841714382, 0.002904027933254838, 0.0026054438203573227, 0.002350264461711049, 0.002065418055281043, 0.0018662253860384226, 0.0017277366714552045, 0.001656276872381568, 0.001492516603320837, 0.0014519416727125645, 0.0013887520181015134, 0.0013628763845190406, 0.0013128253631293774, 0.001302444259636104, 0.001275312970392406, 0.0012329132296144962, 0.0012439246056601405, 0.0011858486104756594, 0.001193128409795463, 0.0011567666660994291, 0.0011129425838589668, 0.0010936131002381444, 0.0010768374195322394, 0.001053756452165544, 0.001051984610967338, 0.0010444502113386989, 0.0010323630413040519, 0.001020650495775044, 0.0010270565981045365, 0.00101955933496356, 0.0010133716277778149, 0.0010145256528630853, 0.0010012582642957568, 0.0009998827008530498, 0.0009704264812171459, 0.0009655680623836815, 0.0009771392215043306, 0.0009662671945989132, 0.0009606271632947028, 0.0009507611976005137, 0.0009364424040541053, 0.0009175307350233197, 0.000919670274015516, 0.0009143312927335501, 0.0009080916061066091, 0.0009070576634258032, 0.0009118276066146791, 0.000915109645575285, 0.0008893685881048441, 0.0009076654096134007, 0.0008919620304368436, 0.0009094960987567902, 0.0008957653190009296, 0.0008974538650363684, 0.0008887299918569624, 0.0008867552969604731, 0.0008817025227472186, 0.000890347349923104, 0.00088900001719594, 0.0008996031829155982, 0.0009075922425836325, 0.0008946752641350031, 0.0009120662580244243, 0.000913760915864259, 0.0008959102560766041, 0.0009108184021897614, 0.0008904182468540967, 0.0008851835737004876, 0.0008863913244567811, 0.0009009867208078504, 0.0008808793500065804, 0.000893040094524622, 0.0008693678537383676, 0.000866343907546252, 0.000891355681233108, 0.0008829320431686938, 0.0008798738126643002, 0.0008864704868756235, 0.0008728958200663328, 0.0008716846350580454, 0.0008474640781059861, 0.0008586444891989231, 0.0008531213970854878, 0.0008712256094440818, 0.0008634372497908771, 0.0008736741147004068, 0.0008548193145543337, 0.0008632096578367054, 0.0008464817656204104, 0.0008446418796665967, 0.0008455330389551818, 0.0008240993483923376, 0.0008335346356034279, 0.0008158597047440708, 0.0008358580525964499, 0.0008544823504053056, 0.0008307374664582312, 0.0008526796591468155],