{"loss": [0.007188605610281229, 0.005599890369921923, 0.005364789627492428, 0.0051963296718895435, 0.005041823256760836, 0.004932664800435305, 0.004832032136619091, 0.0047411564737558365, 0.004663527011871338, 0.004594817757606506], "coeff_determination": [-0.24740475416183472, 0.03303523734211922, 0.07366078346967697, 0.10279050469398499, 0.1295171082019806, 0.1483728587627411, 0.1657692790031433, 0.18148154020309448, 0.19489853084087372, 0.20677368342876434], "val_loss": [0.005745497532188892, 0.005559567827731371, 0.005364429205656052, 0.0052137053571641445, 0.005092781037092209, 0.005006467457860708, 0.004926503170281649, 0.004850521218031645, 0.00477069104090333, 0.004688275046646595], "val_coeff_determination": [0.019214527681469917, 0.05120868608355522, 0.08461327850818634, 0.110419362783432, 0.1310971975326538, 0.14583668112754822, 0.15948106348514557, 0.17246416211128235, 0.1861204355955124, 0.2002173215150833]}